title,url,comments
圖拉斯 Minimag 10000mAh 磁吸行動電源開箱心得：輕薄、質感、超強吸力一次到位,https://www.mobile01.com/topicdetail.php?f=738&t=7192448,
行動電源的LED燈品質是不是都很爛,https://www.mobile01.com/topicdetail.php?f=738&t=7191055,但都很亮    不用為反而反吧 || 用快10年     你還想怎樣
飛利浦太陽能行動電源 DLP7728N 實測心得（戶外/攀岩人必備）,https://www.mobile01.com/topicdetail.php?f=738&t=7184466,根據官方太陽能板充電0.8W ，從0~100% 要曬太陽55個小時。 以白天日照六小時來說，大概充個10%實際可能更低。 || 我i16 Pro差不多直曬 2～3 小時，可補個 3～7%，供你參考。 || 可以，雙 USB-A 5V/2.1A 輸出，我幾乎都手機＋相機一起充 || 很方便，白天曬太陽就能充電，好用！
買錯了卻得到意外的驚喜｜POLYBATT LT003-12W吸附式-行動電源 5000mAh,https://www.mobile01.com/topicdetail.php?f=738&t=7180171,對啊！我連Macbook都有弄！ 我放在Threads || 移動很方便！ || 我是用在MacBook Air跟iPad Air快沒電救援用！依照容量來看應該充不飽 || 對！你懂的 || 我覺得是很方便啦！移動時不會釣著尿袋  還可以用在MacBook Air上呢 || 買了2！哇噻！～我是不是該業配？？？ || 您太專業了！ || 這東西其實蠻多公版的吧🤔！剩下就要看品質了！
一體式行動電源安全嗎？三大行動電源品牌磁吸款怎麼選？,https://www.mobile01.com/topicdetail.php?f=738&t=7184835,小米(https://www.mi.com/tw/support/safety-notice/)/ANKER(https://news.pts.org.tw/article/772762)。 || https://www.mi.com/tw/support/safety-notice/
帶行動電源登機,https://www.mobile01.com/topicdetail.php?f=738&t=7185248,真的一顆顆看喔，那不是很拖時間嗎?出境安檢會因為這個大排長龍吧 || 日本，標示不清的那顆我是沒打算帶了，不知道2013那顆會不會因為太老而被攔 || 2023跟2013那兩顆我不會帶去，只是想了解一下23這樣沒標容量，標示又有點模糊，以及13這樣老的電池，在安檢時是否會被特別關照 || 我就在想大機場還要一顆一顆看的話，不怕安檢塞爆嗎? || 選你正解，出國直接租比較省事了 || 嘿!我還真沒想到這個方法，似乎真是最優解 || 到底多大顆才能超標阿? || 通常都經驗法則~
請問有推薦的半固態行動電源嗎？,https://www.mobile01.com/topicdetail.php?f=738&t=7171076,我是到中華電信買MEGA KING這牌子的10000準固態防爆行動電源，店員說這是台灣製造兩年保固，我就買了。用了充電速度快，無線充電也支援Qi2所以還很方便，隨機也附贈收納袋很方便。
宏晉真是厲害的行動電源廠商,https://www.mobile01.com/topicdetail.php?f=738&t=7182646,
【簡單測試】OPPO SUPERVOOC 80W超級閃充行動電源12000mah 原廠品質就是穩,https://www.mobile01.com/topicdetail.php?f=738&t=7102218,[讚]5 || 贊同5~
這款可自行安裝21700鋰電池的大功率20V5A100w行動電源如何？,https://www.mobile01.com/topicdetail.php?f=738&t=7147616,
小米金沙江磁吸超薄 5000 15W 行動電源,https://www.mobile01.com/topicdetail.php?f=738&t=7182489,圖片上字體這麼好辨認 || 刪 || 不知道該取什麼名在淘寶搜尋貼上網址 不能直接打開-.- || 不知道該取什麼名去找集運倉庫就可以了 找到之後把集運倉庫地址貼上就可以購買 || 又不是越大越好，那款賣點是貼著薄，你把10000mAh跟手機一起拿著半小時試試 || bad2bad沒事幹麻把行動電源貼著手機用？當然是把手機充飽再用不是常識嗎？你沒聽說手機邊充電邊用傷手機嗎？
救急+有線好好用｜AnOne 磁吸行動電源 5000mAh,https://www.mobile01.com/topicdetail.php?f=738&t=7182483,
請問我買的這顆小米 行動電源 是陸版還是仿的?,https://www.mobile01.com/topicdetail.php?f=738&t=7179911,PO 一下 momo 的購買證明啊 || 雖然中國很多山寨沒錯，但其實有很多是台灣人賣家，也不一定是大陸賣家 || ...別說太快，真的超多仿的 || 沒錯，行動電源沒多少錢，買了就用吧。陸版=仿版，仿版=陸版，沒差別啦，怕它自燃，就回收，或1元賣掉，強調陸版=仿版就好，買去用的人自己注意安全
行動電源容量標示不實 宏晉MINI SP 迷你快充行動電源 積木行動電源,https://www.mobile01.com/topicdetail.php?f=738&t=7176005,是
新色開箱！Anker A1664 Qi2 超薄磁吸行動電源,https://www.mobile01.com/topicdetail.php?f=738&t=7128954,這次新色真的很燒 || momo有賣喔 || 已經開賣了 你可以到momo看看歐 || 這大小真的很剛好 不然每次包包都放不下
請問新買的直插式行動電源很燙,https://www.mobile01.com/topicdetail.php?f=738&t=7177651,不是微溫～但也沒燙到不能摸，像是拿熱飯的碗，但是不會燙到手～卻又不會一直想久摸的程度＠＠ || 樓主這顆輸出規格5V2.1A，差不多10W而已....個人覺得10W就發熱，應該是有點問題...
關於行動電源,https://www.mobile01.com/topicdetail.php?f=738&t=7174542,
ANKER新品 A1638行動電源開箱！,https://www.mobile01.com/topicdetail.php?f=738&t=7176776,5800
出國帶行動電源？別怕！一篇文看懂「瓦時」和中國「CCC」！,https://www.mobile01.com/topicdetail.php?f=738&t=7176847,從香港到澳門屬於跨境旅遊，不是中國大陸境內航班，因此一般不需要3C標誌。澳門與香港有獨立的入境政策，目前沒有強制要求攜帶3C標誌。
經濟部標檢局公布行動電源緊急召回品牌型號名單整理,https://www.mobile01.com/topicdetail.php?f=738&t=7176845,
行動電源安全嗎？透過3個關鍵判斷方法,https://www.mobile01.com/topicdetail.php?f=738&t=7176844,
movespeed移速57000mah行動電源+MFI認證線+20W快充頭 開箱,https://www.mobile01.com/topicdetail.php?f=738&t=6516936,
請推薦適合SAMSUNG Fold 7的行動電源?,https://www.mobile01.com/topicdetail.php?f=738&t=7175320,"感謝,我也買了torras用看看 || 難怪有人說安卓跟磁吸無緣或很難用,原來是這樣"
【開箱測試】aircolor疾行者65w行動電源20000mah 長時間輸出不斷電,https://www.mobile01.com/topicdetail.php?f=738&t=7171245,感謝你
小米召回Xiaomi 自帶線行動電源 20000 33W,https://www.mobile01.com/topicdetail.php?f=738&t=7173992,
反推『BEZALEL 倍加能』磁吸行動電源 ❌,https://www.mobile01.com/topicdetail.php?f=738&t=6882072,我沒有摔到，也破了，就在手機拔下來瞬間聽到碎裂聲。產品本身設計有問題，而且用玻璃很滑，根本就設計不良，反推產品+1 || 我也是玻璃背板莫名自己裂開磁吸充電也一樣 燙得誇張 應該對鋰電池壽命影響滿大的現在充電會用半導體散熱器幫這行動電源充電😂
PHILIPS 22.5W 伸縮線 20000mAh 行動電源 開箱分享,https://www.mobile01.com/topicdetail.php?f=738&t=7171903,你所謂的快充指那些、通常商品標示22.5w、就是最大輸出、或是講講你的手機是哪型號的 || 官方寫USB-C 和自帶線最高 20W，USB-A 可以跑到 22.5W，快充沒毛病低 || 我是沒發生過過熱情況。頂多外殼溫溫的、不會燙手 || 可以帶上機艙=低於航空規範上限；加上飛利浦的產品標示很明確，符合國際航空規定，放心帶吧！
[分享] 演唱會救星 PHILIPS 黑金剛 Qi2 行動電源小開箱心得,https://www.mobile01.com/topicdetail.php?f=738&t=7165483,對！這顆 141g 很有感，背小包去演唱都不會肩膀痠痛XD || 沒有耶，我錄了一小時，手機背後只有微溫，不會燙手。 || 我個人覺得夠用，演唱會六小時＋回家剪片都還能撐，除非要長途旅行才會考慮帶大顆的
請問行動電源亞果元素的 Gravity X5 問題，插110V的公插頭怎麼彈出來,https://www.mobile01.com/topicdetail.php?f=738&t=7170679,
【開箱測試】aircolor雲朵系六合一磁吸快充行動電源,https://www.mobile01.com/topicdetail.php?f=738&t=7168758,
【開箱測試】亞果元素VIONTA P5 Pro 五合一口袋型行動電源三星蘋果手錶都可充,https://www.mobile01.com/topicdetail.php?f=738&t=7168681,
【拆解測試】ADATA 威剛 P10000QCD 超平價行動電源,https://www.mobile01.com/topicdetail.php?f=738&t=6911779,同樣10000mah 18650要三顆 21700只要二顆 || 少寫一個0，已修正 || 真的便宜，而且不怕買到假貨 || +5 || GOOD~5 || 謝謝繼續努力
【開箱測試】iWALK六代口袋行動電源5500mah 容量加大 體積不變 但有過熱問題,https://www.mobile01.com/topicdetail.php?f=738&t=7167959,
【開箱測試】LOFREE 釉光多功能行動電源 5000mah 外觀精緻 效能其次,https://www.mobile01.com/topicdetail.php?f=738&t=7157205,然後會忘記充電 || 謝謝誇獎
【拆解分享】台達 Innergie 5100mAh Qi2 20W 磁吸行動電源 Innergie 10200mah 45w 令人失望的台灣製造,https://www.mobile01.com/topicdetail.php?f=738&t=7154913,
推薦高容量的行動電源,https://www.mobile01.com/topicdetail.php?f=738&t=7131972,"給他一個60w的充電速度應該就足夠使用 || shintaro可去看最新回覆的文章、有安克165w自帶線評測 || 但A1695實際上就只有雙路 3個以上會有2~3個裝置變成5V慢充 || 但A1695實際上就只有雙路 , 充3個以上會有2~3個裝置變成5V慢充 || yt有新的評測（對岸的），他說多台3以上不建議 || A1695實際上就只有雙路 , 充3個以上會有2~3個裝置變成5V慢充 || 謝謝推薦！我來看一下規格"
【開箱測試】OPPO 22.5W能量果凍快充行動電源 10000mah 外觀亮眼 適合蘋果用戶,https://www.mobile01.com/topicdetail.php?f=738&t=7163757,
超爛的倍加能行動電源,https://www.mobile01.com/topicdetail.php?f=738&t=7162718,超爛，品質超不穩定 || 有喔，一個月至少都會輪一次
【開箱測試】iWALK MAGO磁吸帶線行動電源 支援QI2無線充電 手感好 價格合理,https://www.mobile01.com/topicdetail.php?f=738&t=7160423,
【開箱測試】CIO SMARTCOBY Pro SLIM 10000mah行動電源 日本的行動電源有比較好嗎?,https://www.mobile01.com/topicdetail.php?f=738&t=7151559,5
【開箱測試】Xiaomi 自帶線行動電源 20000 22.5W,https://www.mobile01.com/topicdetail.php?f=738&t=7133991,超猛5 || 最近電池軟包的盡量不要買
【開箱測試】行動電源萬能充MAX 36wh/10000mah,https://www.mobile01.com/topicdetail.php?f=738&t=7158646,LG gram14’ || 個人覺得蠻堅固的
【開箱測試】Samsung 三星 10000mAh 25W 無線閃充行動電源(EB-U2510) 值得買嗎?,https://www.mobile01.com/topicdetail.php?f=738&t=7108514,qazwsx613203你想表達什麼?👺 || qazwsx613203你想表達什麼?[偷笑] || 是的沒錯
【簡單測試】立達國際 GIGASTONE 三合一 口袋直插式行動電源 MP-5000AC,https://www.mobile01.com/topicdetail.php?f=738&t=7155645,謝謝
【測試】AUKEY Sling全系列行動電源 Sling Lite (PB-Y53) Sling 10000mAh （PB-Y47） Sling 20000mAh (PB-Y48),https://www.mobile01.com/topicdetail.php?f=738&t=7116247,內文有說，兩科都是21700的電芯，我自己有買48 好用 || 拆解才知道 || 我手上是廠商送側的產品，已經還回去了，不過我在測試過程中並沒有發生這樣的狀況，不過有一種可能是溫度過高自動停止充電
臨時手機沒電? ChargeSPOT讓你像借U-Bike一樣租借行動電源,https://www.mobile01.com/topicdetail.php?f=738&t=5781547,
[開箱測試]Xiaomi 行動電源 25000 212W-小米試用大隊,https://www.mobile01.com/topicdetail.php?f=738&t=7105074,是電子零件大國而已，全部合在一起的話市場太小養不出來 || 沒有看到3個c標誌，就不行
【開箱測試】Xiaomi 磁吸自帶線行動電源 10000mah 33W 便宜實用 但缺點明顯,https://www.mobile01.com/topicdetail.php?f=738&t=7153121,
雜牌的行動電源是不是比較容易壞…,https://www.mobile01.com/topicdetail.php?f=738&t=7145081,5 || 18650也燒過不少次
ANKER台灣宣布召回行動電源 A1257 可全額退費 良心阿,https://www.mobile01.com/topicdetail.php?f=738&t=7136392,沒錯喔，台灣多少中標還不知道 || 墨x科技 亞x元素 打死不退款 出事再換一顆垃圾給你 || 那一堆裝死的台灣廠商，不就更沒良心？ || 不退款原因很簡單，原本定價太高，陪你一顆成本才多少錢，退款會直接跑路啦 || 利潤超高 當然打死不退錢 哈 || 問題是買不到啊[笑到噴淚][笑到噴淚] || 電池用的比較好體積控制的也很好但輸出輸入都不如新款的做工其實是差不多的 || 那個165是小米私有協議120（限自帶線）+ USB-C 45W 廢到笑 ，線壞了就只有45了 || 自帶線那部分能65W輸出以1萬的行充來說可以了，100W以上輸出本就是2萬以上電池行充才比較安全和耐得住，至於說把自帶線弄壞，那條算是蠻耐拉的，但有疑慮就不要買囉，不過它確實是現在少見的18650電池 || 小米 、酷態科（前身ZMI江蘇紫米）、綠聯、安克之類的大廠都可以買 選21700/18650電芯比較耐用
可同時雙輸入的行動電源推薦,https://www.mobile01.com/topicdetail.php?f=738&t=7147308,我也覺得為什麼要兩條線同時充同一個行動電源？買兩顆或者買大一點容量的不就好了又省錢… || 手機、行動電源都要百w自充速度！什麼年代了還要慢慢充~是當作慢充不會熱啊 || 小米這行動電源最大敗筆就是自帶線這條！這條線壞了就沒有小米私有協議快充~而且也不支援自家快充協議 || 其實有沒有代理商都無所謂，電商平台都有販售 || 是阿~自己淘回來比那些代購電商便宜很多
TEGIC 磁吸充電短線16cm 100w 專為磁吸行動電源設計充電線,https://www.mobile01.com/topicdetail.php?f=738&t=7138503,評測自己懂得，不懂不敢亂說藍 || 5 || 天氣炎熱，無線充電真的很慢
【開箱測試】A1664 Anker MagGo 超薄磁吸行動電源 10000mAh Qi2 15W 超薄 質感超好,https://www.mobile01.com/topicdetail.php?f=738&t=7135953,"感謝你的收看 || 沁楀我的測試完就售出了,也沒辦法幫你測，不好意思欸 || 不會 非常感謝！"
Anker A1259 533 Nano 10000mah 自帶線行動電源 ▏超有質感的行動電源,https://www.mobile01.com/topicdetail.php?f=738&t=6976821,
小米行動電源25000 212W開箱,https://www.mobile01.com/topicdetail.php?f=738&t=7048654,文章開頭不是寫了嗎 || 狼大評測這麼仔細，就寫在文章開頭，你連看都不看，這樣狼大情何以堪啊.... || 大概懶得仔細看，直接問習慣了 ... || 一代是10400那顆嗎?
請問要出國，現在有推薦的行動電源嗎？,https://www.mobile01.com/topicdetail.php?f=738&t=7143986,
行動電源充電問題,https://www.mobile01.com/topicdetail.php?f=738&t=7139700,突然想到一點、這顆哪購入的？ || 我沒有這顆小米 50W 雙模行動電源 1A1C充電頭，只是上網抓規格 || USB充電檢測儀....我有，電源線原廠的我有好幾條。會上來問我是想增加些知識，另一方面如有同問題的網友，或許在這也可找到他們的答案 ...感謝您的建議[拇指向上] || [謝謝]這是我的疏失，我昨天用的是 Type-C 3A-33W充電頭 || 非常感謝您詳細的解說[拇指向上]，這除了造福我之外，還解答了其他網友的疑惑[謝謝] || 我這行動電池目前沒有膨脹現象，且在長時間充電狀態下亦沒有發燙現象，所以說他應該還是處於可用狀態 || 上層講解我多少已有更多些概念，我會列入我的筆記中慢慢研讀 [謝謝] || 蛤？越來越懷疑你這顆行動電源了，當初那購入？ || 我行動電源(3顆)都是在小米買的 || 換支援PD2（3），QC3（4），PPS多功能協議的充電頭 || 謝謝建議[拇指向上]，我的充電頭顆數已夠用了，還有一顆67W還沒開用 || 謝謝您的經驗分享[拇指向上]，另日再充電時，我再次做個比較
PHILIPS飛利浦自帶三線快充行動電源。,https://www.mobile01.com/topicdetail.php?f=738&t=7140314,德原醬油店斷了不算什麼，再自己帶線就行了，缺點是這種花裡胡俏的行充，往往是最容易出問題的 || [謝謝指教] || a32063206他哪裡推薦了？他不是說超過八百元建議買其他牌嗎？ || RRRRWWWW哈哈、到底哪個點推薦了？ || 你現在就遇到了，我也第一次看到這樣情況，分期買行動電源，@@
【開箱測試】立達國際 GIGASTONE MP-5000 GO 15W磁吸無線行動電源 5000mAh & CC-8800 240W 磁吸充電線,https://www.mobile01.com/topicdetail.php?f=738&t=7138458,比方說?甚麼品牌推薦 || 卡 || 說的也是 || 5
反推摩比亞MOBIA行動電源，會有相容性問題，想購買的人請三思,https://www.mobile01.com/topicdetail.php?f=738&t=6915598,先說這是支那公司還是臺國公司 我不太清楚 || 請問摩比亞跟WK是同一家公廠？ || WK我不知道是什麼
酷態科 CCC 證書認証行動電源,https://www.mobile01.com/topicdetail.php?f=738&t=7138093,現在是大陸國內航班安檢沒CCC的充電寶直接在過安檢檢查站直接拋棄，不然不給過關上機。港澳台比照國際航班安檢。之後上市的充電寶要強制CCC檢驗認證。 || 2024年8月後才強制的。
[ 開享 - 小米移動電源系列 ] Xiaomi 自帶線行動電源 10000 165W,https://www.mobile01.com/topicdetail.php?f=738&t=7096072,"GOOD~5 || 5推 || 之前意外買到 ""牛角牌"" 的磁吸行動電源自帶線那款，也是體積小又超方便，重點充的速度超快 || 自帶線真的不錯，就不會忘了帶一條短線了，假使真的壞了，拿一條線插上去也可以充電囉，哪天自帶線掛了我再來回報(不過我只有旅遊才用，應該可以用好幾年)。[XD] || 不用猶豫，那條線不礙事的"
CUKTECH酷態科20號行動電源25000 210W開箱,https://www.mobile01.com/topicdetail.php?f=738&t=7060512,
【開箱測試】三星ITFIT 二合一無線充電行動電源5000mah 可充三星手錶,https://www.mobile01.com/topicdetail.php?f=738&t=7122149,
ASUS 100W/48W充電器 & 10500C行動電源 實充電壓/電流/瓦數監測 (feat. ZF8),https://www.mobile01.com/topicdetail.php?f=738&t=6782982,"感謝您的專業分享, 我這個也會顯示協議呦 || 你這個確實還挺多 哈哈, 但我那個也會顯示一些"
求推薦支援vivo 快充協議的行動電源,https://www.mobile01.com/topicdetail.php?f=738&t=7129063,我貼的酷態科那幾款都有阿 || 我知道的是x200pro 不支援二次握手（不一定會跑最高功率），舉例來說，酷態科這顆協定只有apple ，再來就是pd3.0了，一次握手就是最高，我排的第一位anker 就可能跑融合快充，即使他也有pps5a || vivo 手機是哪個型號？我的感覺是200比100充電瓦數限制的更多 || 剛大概點了一下、小米官方旗艦店也是不行、只能私人集運方式、酷態科官方旗艦店、集運跟直送都可、只有10號Plus不行、我也不知道為啥？其他點都可以 || 已經買了，就不會去關心怎麼轉運了
行動電源的線 好難用,https://www.mobile01.com/topicdetail.php?f=738&t=7111751,
求推薦可以同時充三樣裝置的多功能行動電源,https://www.mobile01.com/topicdetail.php?f=738&t=7128517,他們前年才發生行動電源事情，新聞報導很大 || 貼牌垃圾 || 貼牌垃圾
開箱｜Aukey Sling 20000mAh（PB-Y48）100W PD 快充筆電行動電源 - 大容量、大功率，就算筆電也能充！,https://www.mobile01.com/topicdetail.php?f=738&t=7089906,
【開箱測試】ONPRO MagReact™ M1s 磁吸式行動電源 輕薄配件豐富 性能令人失望,https://www.mobile01.com/topicdetail.php?f=738&t=7123149,
【開箱測試】GUXON 巧方塊雙線行動電源 10000mAh 高顏值 自帶線,https://www.mobile01.com/topicdetail.php?f=738&t=7116675,
MyPower MP-10500 大廠牌行動電源召回公告,https://www.mobile01.com/topicdetail.php?f=738&t=6863784,你是不是搞錯時間點了，人家公告的是2023年，現在都2025年了，我發這篇文，已是很久很久了！ || 喔喔 我最近才在官網看到 才想說去撿個便宜[都買][沒有不敬的意思]
開箱｜Choetech B670 27000mAh PD140W 數位顯示快充行動電源 - 自帶功率顯示螢幕，更能隨行外出拿來充筆電！,https://www.mobile01.com/topicdetail.php?f=738&t=7083077,拍謝前面沒回到，差拔不會斷連啊
【開箱測試】AUKEY Qi2 10000mAh ( PB-MS06)磁吸無線行動電源,https://www.mobile01.com/topicdetail.php?f=738&t=7095585,基本上就是買了又賣賣了又買這顆是第一顆有廠商願意提供測試品 || 橫放可以 || 相似支架功能的有，但這顆不是公版 || 5推 || 贊成5~
尋找21700電芯行動電源,https://www.mobile01.com/topicdetail.php?f=738&t=7090476,"好的我研究一下 || 小米除了軟包電池，其他真的很耐用 || 已經很久一段時間沒有買小米行動電源了、以前買的都是早期的 || 保固內內，免費升級換新，但是不是我喜歡的電芯種類 || 拼裝的，焊電似乎不能跑大電流，安全比較重要 || 這款真的是好用啊可是品質差.. || 用上21700就不會在乎他的體積了，而是穩定耐用 || 換找金屬殼的吧，應該是熱掛的?個人也有P10000QCD，使用1年4個月了，幾乎天天用，拿來車上接行車的(點煙座掛點)，走路也摔過兩、三次，還好好活著... || 紫米20換上有印酷態科是用上不一定是用上三星的21700,會用上億緯品質沒那一開始好,會自耗電"
有關最近行動電源燒起來的新聞,https://www.mobile01.com/topicdetail.php?f=738&t=7087140,這就不知道了，但品牌方都還沒出來，或許過幾天就會知道了 || FB已經有公告召回，不過只有限定兩個型號的特定生產序號。非該限定生產序號回收的使用者，大概只能繼續提心吊膽的用行動電源。 || 亞果 || sky_wind所以現在又甩鍋給大陸了？這麼怕死怕爆炸，怎麼都交由大陸製造？連川普都用中國製行動電源，人家怎不怕爆炸？以後臺灣人犯錯，也說是中國人算了，反正也是中國臺灣省人。[XD] || 所以商品檢驗認證是？？ || ra1xp那就應該是換了不同的電芯型號 || 就只是給你換一顆低成本垃圾 告訴你這次不會爆炸 嘻嘻 打死不肯退款的 利潤超高
VOOC行動電源,https://www.mobile01.com/topicdetail.php?f=738&t=7101453,那顆我看評價不是很好(甚至會割手) 才想說有沒有別款推薦的 || 其實也不用橋接線 如果要線的話淘寶找6V的就有可能支援了 || 還有 Realme是有出過Vooc閃充電源的 只是下架絕版了 || 你是說那顆18W的假閃充嗎 || 要不去淘寶看看一加100W移動電源！ || 京造那顆比他好
ADAM 亞果元素 針對爆炸的行動電源發聲明稿了,https://www.mobile01.com/topicdetail.php?f=738&t=7087476,"暖心+5推 || 暖心+5推 || 外表質感 不表示內容物實在 || 5 || 你別誤會啊！我只是認為你蠢而已沒別的意思！因為你明知貼牌產品的風險還把金錢賠償等放在安全之上，試問今天行動電源你拿著手掌被炸斷焦黑截肢,賠你200萬好了你炸爛手能夠復原？你說你蠢不蠢 || 是是,就你最聰明,祝你小米一輩子不會爆炸 || 台灣認證最不可靠了 產地都能洗了 || 要知道苹果公司是没有任何制造能力的，包括很多大型科技公司都没有大家以为的制造能力，呵呵。 || 我也都用小米的, 起碼是大牌而且自己有產手機... || 我買的是C1，小米實體店看到一款類似的，495元。"
【開箱測試】idmix Q10 PRO III 10000mah磁吸無線行動電源｜自帶線材 一吸就走,https://www.mobile01.com/topicdetail.php?f=738&t=7099201,可以邊幫行動電源充電，一邊使用無線充電功能，但速度偏慢，要充滿行動電源加手機可能要沖一個晚上
【開箱分享】new balance掛式防水行動電源 ▏自帶登山扣的行動電源,https://www.mobile01.com/topicdetail.php?f=738&t=7096156,GOOD~5
【開箱測試】GIGASTONE QP-10100W 10000mAh 3合1 無線快充行動電源,https://www.mobile01.com/topicdetail.php?f=738&t=7091717,不行
IDMIX Q10 Pro 3 & Q10 Pro 2 Qi2 磁吸無線行動電源,https://www.mobile01.com/topicdetail.php?f=738&t=7099170,
有旁路模式的筆電行動電源嗎？,https://www.mobile01.com/topicdetail.php?f=738&t=7089561,
微開箱｜出國推薦行動電源｜seek PW-517,https://www.mobile01.com/topicdetail.php?f=738&t=7056330,完全不會喔 我放口袋的！我是搭樂桃 || 哈哈太喜歡日本了 || 方便又可以拍照拍的盡興，免得拍太多照片沒有電量 || 哈哈哈哈😄 || 對啊非常方便 || [我是你就買了][我是你就買了] || 我有裝手機殼還是可以充電哦 || 很樸素的配色 || [讚][讚][讚]
請推輕巧行動電源(PD+QC快充),https://www.mobile01.com/topicdetail.php?f=738&t=7090768,"老婆那邊有一台10000mAh的，嫌太重不想帶，他會借一個5000的，我再買一個5000的。另兩個是小學生(一個近日才獲得手機，另一個出國才會配給他)，所以行動電源使用率不高。 || 會帶2個5000的，另兩個小學生(手機沒電就算了) || 考慮重量問題，先放入口袋名單，但A1633很吃插座的空間，A1636不錯 || 1萬的買了後，之後也會因重量懶得帶，所以選輕的，很感謝你用心回覆 || MILD達人電量不是這樣計算的... || 基本上10000mAh、額定容量都大概是5500mAh到6000mAh這區間 || 非常感謝，這樣有需要再去便利商店租借就好 || 租個幾次可能就比買的貴了.... || 家裡是下面這顆「小米行動電源3 快充版 10000mah 小米 3代」，輸入/出有18W,但重量約280g，而且輸出是type A || 個人也買過陸板的小米行動電源3 10000mAh 雙向快充版、確實稍重、在攜帶上如果是放包包其實就還好、但拿在手上的話可能就會有感覺有一點點份量重、早期的幾乎都大概是這樣子 || ""軟包電池""!!看樣子要改看10000的，謝謝告知 || 說實在軟包電池的或是21700電芯的、同樣都10000mAh重量可能差不了多少、放包包根本感覺不出差異 || 我也是需求不大，所以才以重量為挑選重點"
為什麼行動電源只有小米有支援小電流模式,https://www.mobile01.com/topicdetail.php?f=738&t=7091245,支持小電流模式就是讚啦！！不過它需要長按10秒才能進入該模式。不像小米連按兩次。 || 那一款這麼厲害 || 買沒有支援PD的或者不要插TypeC的孔應該就有了
【開箱測試】SIG SAUER 彈夾行動電源 真的超帥,https://www.mobile01.com/topicdetail.php?f=738&t=7086392,是的子彈很輕 塑膠感很重，我想警察一看就知道真假了，況且放在包包內，他們也無權對你收身收包 || 裝飾彈，各大生存遊戲店機乎都有賣，露天還有賣進口已擊發過的彈殼，那個我不確定合不合法 || 感謝分享 || 你先，我隨後跟上[笑到噴淚] || 出了我一定買[rock]
PHILIPS小型行動電源開箱,https://www.mobile01.com/topicdetail.php?f=738&t=7088286,
開箱｜Choetech B750 Qi2 10000mAh MagSafe 磁吸支架三合一行動電源 - 質感與功能匯聚一身，三合一行動電源 CP 值之作！,https://www.mobile01.com/topicdetail.php?f=738&t=7065130,
【開箱測試】Trozk 特洛克-BBCALL行動電源 ▏復古有型又好玩,https://www.mobile01.com/topicdetail.php?f=738&t=7087879,
【開箱測試】CUKTCH酷態科6號超級電能塊行動電源--小容量大功率,https://www.mobile01.com/topicdetail.php?f=738&t=7085426,
【分享】三款行動電源心得 小米/Polybatt/Lapo,https://www.mobile01.com/topicdetail.php?f=738&t=6975548,我自己覺得吸的還蠻緊的耶！我吸著直接丟包包或放口袋都沒有影響到~但如果真的很很大力甩應該還是會掉哈哈哈哈 || 而行動電源的轉換率就是衡量倒入另一個容器中的水占你原本一桶水的比例。轉換率越高，損耗的水越少，也就是說，你能利用的電量越多。 || 用5V充電就可以減少(不能全部)轉換率的影響
過年回老家幾天，家中的行動電源該如何放置?,https://www.mobile01.com/topicdetail.php?f=738&t=7077460,"該找塊農田挖個洞暫時埋起來? 電池是有毒的，你對得起你祖先. 若你有很多老舊的，就回收。1人只需1~2顆就夠了，定期每2~3年就換新，舊的回收 || 電子軍火庫?? || sapi68新年快樂阿,感謝你的好話,但其實是11個[笑到噴淚] || 真的覺得一代不如一代 難怪大學生那麼多"
行動電源膨脹(小米)，還能使用嗎?(內附圖),https://www.mobile01.com/topicdetail.php?f=738&t=6178518,
大家會買多功能的行動電源嗎?,https://www.mobile01.com/topicdetail.php?f=738&t=7075137,貼牌機無誤 || 好像也是
關於行動電源問題,https://www.mobile01.com/topicdetail.php?f=738&t=7076172,是喔，我之前買的華碩行動電源，放在手提包裡面，被打翻的晚餐湯汁進水損壞。拆開後，裡面的18650完全沒有任何，只有紅色的外皮，我一直以為是用日本的三洋電池。
小米手機的無線充電行動電源,https://www.mobile01.com/topicdetail.php?f=738&t=7070625,
多協議行動電源120W,https://www.mobile01.com/topicdetail.php?f=738&t=7075299,誘騙線一條太貴了。好像一條都兩三百、我這顆也才不到700。 || 希望多協議的越出越多。吃個飯就把手機充飽就是舒服。小米自帶線跑OPPO只能跑到27W所以沒買這顆 || 第三方行動電源的、vivo的要找有pps檔位、沒記錯的話
開箱｜Choetech B701 10000mAh 數位顯示 PD30W 行動電源 - 自帶螢幕且 30W 快充，讓用戶免檢測器知道充電功率！,https://www.mobile01.com/topicdetail.php?f=738&t=7074771,
#開箱 第一顆不是贈品的行動電源-MEGA KING10000無線充,https://www.mobile01.com/topicdetail.php?f=738&t=7074277,我沒有用過其他的無線充XD 但這款單就續航的話跟我以前的比起來是真的猛 || 霧面的也比較有質感
【請益】小巧行動電源推薦 (MEGA KING/MOZTECH/LAPO),https://www.mobile01.com/topicdetail.php?f=738&t=7072053,
讓手機無線快充也能飆起來，TORRAS Ostand Qi2 10000mAh MagSafe旋轉支架磁吸行動電源,https://www.mobile01.com/topicdetail.php?f=738&t=7033754,
"開箱｜TORRAS 5,000mAh 磁性便攜式充電器行動電源 - 金屬質感且自帶 360° 旋轉支架設計，輕薄款行動電源！",https://www.mobile01.com/topicdetail.php?f=738&t=7066877,"看自己認定""卡""的定義, 很多人在充電孔裝了吊繩鉤不覺得卡, 有人卻覺得卡; 也有很多人貼氣囊支架覺得實用不卡, 那自己黏或磁吸支架卡不卡就看自己"
行動電源使用室內110V充電充出燒焦味,https://www.mobile01.com/topicdetail.php?f=738&t=7065062,不要入手二手行動電源說法也太廣，外觀不佳如曾經大力摔過當然就不用花錢去買，新的行動電源也沒多貴，不過我是輕度用戶，我都是買新的，換回家人舊的來用. || 這樣的設計都靠很近 難怪 || 雖然是小牌，但是沒有快充，也使用好幾年的插座（type C） || 好的 || 廠商有處理，這年頭還是小心不要公布，怕惹禍上身。
綠聯UGREEN能量湃Pro 48000mAh行動電源開箱,https://www.mobile01.com/topicdetail.php?f=738&t=7064933,
請問小米行動電源TypeC充電問題?,https://www.mobile01.com/topicdetail.php?f=738&t=7058745,"好的,謝謝 || 都是官網購買"
BEZALEL 倍加能 Prelude S MagSafe 磁吸無線行動電源 踩雷,https://www.mobile01.com/topicdetail.php?f=738&t=7056580,還好退款是由募資平台退  當天聯絡募資平台當天就處理好了不然由倍加能退  又不知道是何年何月了
行動電源三合一好用嗎？？,https://www.mobile01.com/topicdetail.php?f=738&t=7051825,
TORRII SOLA太能充多功能行動電源：美型易攜，快充加持，支援設備多元,https://www.mobile01.com/topicdetail.php?f=738&t=7050181,可以不帶插頭出門嗎? 可以。插頭幾公克?文內有寫，可自行運算。“合體下重量僅272克，單行動電源為226克”
給老婆的行動電源，當然也要PINK，外觀至上實用再說,https://www.mobile01.com/topicdetail.php?f=738&t=7057918,
IDMIX CH09C｜專為現代旅人設計的多功能行動電源,https://www.mobile01.com/topicdetail.php?f=738&t=7057893,
65W PD大功率輸出，是充電器也是行動電源，IDMIX MR CHARGER CH09C 一顆輕鬆搞定充電大小事,https://www.mobile01.com/topicdetail.php?f=738&t=7053844,
"開箱｜充電神救援就用YOMIX 優迷小果充 20W 手錶磁吸口袋行動電源 - 輕裝上陣 5,000mAh 小體積，自帶充電頭的三合一行充！",https://www.mobile01.com/topicdetail.php?f=738&t=7052084,
開箱 小米行動電源 10000 22.5W Lite,https://www.mobile01.com/topicdetail.php?f=738&t=7051950,
SEEK PW-517 自帶雙接頭 行動電源 開箱,https://www.mobile01.com/topicdetail.php?f=738&t=7048753,
BASEUS 倍思 10000mAh 磁吸無線快充行動電源,https://www.mobile01.com/topicdetail.php?f=738&t=6846138,
多功能手機好夥伴～TORRAS Ostand Qi2 10000mAh MagSafe 旋轉支架行動電源,https://www.mobile01.com/topicdetail.php?f=738&t=7044859,
[心得] 反推亞果元素 Gravity 1 行動電源,https://www.mobile01.com/topicdetail.php?f=738&t=6609433,
1K以下行動電源推薦,https://www.mobile01.com/topicdetail.php?f=738&t=6778259,"小米行動電源2代還在用[大笑] 這種東西本來就是拼人品+習慣 電池這種東西要看使用者怎麼使用 || 感謝建議！ || 最主要的是穩定輕小好攜帶， || 威剛好用！可充電很多次 || 小米的規格一樣還比較便宜，看來應該考慮這款才對[笑] || +5推 || 之前沒看到這個！看來是更好的選擇 || 如果你是要極度輕量化，電池２１７００可更換壽命長，價格俗又便宜，可以參考ＡＲＭＹＴＥＫ　ＨＡＮＤＹ　Ｃ１　ＶＥ僅３７克重。 || 感謝提醒！！！ || ADATA P10000QCD這顆不也是21700?但賣的比別家便宜一半,電芯不知道是哪個廠牌的,不過很多人推這顆倒是真的~還有你打錯了,是18650,不是13650"
詢問有關行動電源的清潔方式,https://www.mobile01.com/topicdetail.php?f=738&t=7033164,請問行動電源可以用濕紙巾擦嘛?! || 請問行動電源可以用濕紙巾擦嘛?! || 我一直都這樣用 擦的蠻乾淨的[微笑]
[心得]Lapo WT12 行動電源心得,https://www.mobile01.com/topicdetail.php?f=738&t=7030604,其實夠，除非是重度使用者，不然對日常用來充手機和手錶是完全足夠👌 || 速度我覺得還可以！個人體感大概和 Apple Watch 原廠充電速度差不多 || 真的有差，尤其是在快充的時候，這顆完全不會發熱，之前用過不少不知名的電芯的行動電源，溫度升得很明顯⋯⋯ || 轉換效率有七成，還可以接受 || 七成轉換率這邏輯⋯！？ 請讓我稱呼你數學大師 || 聽狼大的就對了!
多合一行動電源 自帶typeC線 有沒有帶QC 快充,https://www.mobile01.com/topicdetail.php?f=738&t=6953730,10000mAh、通常都是在55XX~65XX之間額定容量 || 標示容量是電池輸出的容量，額定容量是行動電源輸出的容量 || 二合一，自帶蘋果跟Type-C。 || 這款45w的應該也是最近新款的、之前款的好像都是22.5w的樣子、這些都是淘寶那邊過來的、募資還要1980元、只能說募資這種的、完全不會去看、只有貴而已 || 1980元寧願去買其他品牌 || 有些筆電要求type c充電至少65W，用這顆45W無法充電 || 充筆電要65W以上才及格
【開箱測試】E-books B82 五合一LED免帶線行動電源 自帶17顆led燈珠,https://www.mobile01.com/topicdetail.php?f=738&t=6965710,
"開箱｜【YOMIX 優迷】miPO 小旅充 20W 三合一多功能口袋行動電源 - 5,000mAh 自帶雙接頭可折疊行動電源，2 台同充 1 顆搞定！",https://www.mobile01.com/topicdetail.php?f=738&t=6992256,
磁吸行動電源充電轉換率低到爆炸,https://www.mobile01.com/topicdetail.php?f=738&t=7003646,小聲點，不要讓大家知道，哈哈 || 我知道會變差，但沒想到變這麼差，如果留這種無意義的言論，請按上一頁離開就好 || 想太多 我從padfone s開始用無線充電手機至今10年 沒問題 || 有人說「PFS的無線充電有點慢，常常充了一個晚上也沒充飽」。這樣也沒問題，只能說信仰無敵。 || 無線充環境溫度也很影響效率台灣無線充只有冬天二十度以下時比較好用
多合一行動電源 那自帶線有沒有可換快充 行動電源備用線,https://www.mobile01.com/topicdetail.php?f=738&t=7009638,
京東商城自營自造的行動電源品質如何?,https://www.mobile01.com/topicdetail.php?f=738&t=6995531,你內心都有答案了上來問幹嘛? || 問使用過的大大啊!這樣也不行? || 反正包郵到台灣，先買一個，ok再續購
開箱｜iWALK TWINS 雙頭直插式行動電源 - 隨行 20W 口袋行動電源，USB-C / Lightning 創新可換頭設計！,https://www.mobile01.com/topicdetail.php?f=738&t=7020339,
徵求行動電源收納袋的推薦名單,https://www.mobile01.com/topicdetail.php?f=738&t=7017596,
請問目前有可以磁吸無線充電和PD65W同時存在的行動電源產品嗎？,https://www.mobile01.com/topicdetail.php?f=738&t=7016020,
小米也要出能量棒 行動電源,https://www.mobile01.com/topicdetail.php?f=738&t=7013175,是充電寶 能量棒是指這種小型的 || 其實台灣習慣用語都還是行動電源，對岸則是習慣稱呼為充電寶，而能量棒是近期這種棒狀的行動電源的新暱稱 ~
跨越世代！iWalk Power Squid 小魷魚 免帶線PD快充行動電源,https://www.mobile01.com/topicdetail.php?f=738&t=7009226,
"開箱｜【Choetech】B695 多功能自帶線 MagSafe 磁吸行動電源 - 10,000mAh 自帶雙頭充電線，為蘋果用戶打造，可同時為手機、手錶、耳機等 5 台裝置充電！",https://www.mobile01.com/topicdetail.php?f=738&t=7000789,要就等第二批，數字有差！剛送來我這評測完了，速度差超多，通通20W達標[笑到噴淚][笑到噴淚][笑到噴淚] || 看售價更是誇張 || Cuktech這批貨問題，要補寄來給小弟重新測試了！他們應該沒想到開箱的家裡有檢測器，可以測協定跟實際W數，反正給Cuktech機會到底實戰有無達標就看後續送來的產品，測出來有無該有協定支援了。[茶] || 先退貨了 謝謝你們的測試 || 責任義務，後續等實際正式版到貨，測試完我也會更新在文章內有需要再下單也不遲！
ANFAST閃極UPS多功能20W 5000mAh口袋寶快充行動電源(USB-C版)開箱,https://www.mobile01.com/topicdetail.php?f=738&t=7000315,
無線充電行動電源？？,https://www.mobile01.com/topicdetail.php?f=738&t=6998769,
手機行動充電的新幫手-IDMIX Q10 Pro II磁吸無線行動電源，好用，快充，超質感,https://www.mobile01.com/topicdetail.php?f=738&t=6995486,我也是跟身邊的親朋同事說~ 每個還是都喜歡用無線充電! 講到不想講了!
【開箱測試】isdt PB40 行動電源 TESTV聯名款 一款有APP的行動電源,https://www.mobile01.com/topicdetail.php?f=738&t=6923123,
行動電源無法充電,https://www.mobile01.com/topicdetail.php?f=738&t=6989420,"type c能走很多種協議，協議一致再來看profile。這組合下看來只能跑5V3A。 || 的確PD協議也有QC的，甚至奇其他的，但也差不多這樣子，通常給行動電源方面充電方面應該就這兩種較多PD跟QC，就看使用的線材而已，比較有可能是挑線材或是充電頭之類的 || 應該是台米原廠的67W才對,65W應該是樓主誤植了 || 33W 也是紅米10S手機的 || 只能說行動電源挑充電頭、呵呵、理論上應該也是可以走QC協議才對"
[已解決]請幫忙推薦行動電源,https://www.mobile01.com/topicdetail.php?f=738&t=6975807,好喔感謝提供
【開箱測試】虎大工業 BT-20戰術可換電池行動電源 ▏帥就完事了,https://www.mobile01.com/topicdetail.php?f=738&t=6973005,
關於行動電源多合一充電疑問,https://www.mobile01.com/topicdetail.php?f=738&t=6970892,
快充效能大提升『IDMIX MR CHARGER 10000 CH07 Pro 35W 雙線多功能五合一行動電源』,https://www.mobile01.com/topicdetail.php?f=738&t=6969421,內文量測起來的重量是275g唷 || type-c孔可以充電唷，每款行動電源設計取向不同唄。
開箱｜【INTOPIC 廣鼎國際】雙線迷你快充行動電源 PW-117 - 自帶 USB-C 及 Lightning 雙線設計，9800mAh 輕巧隨身行充！,https://www.mobile01.com/topicdetail.php?f=738&t=6969088,
【開箱測試】宏晉積木迷你自帶線快充行動電源10000mah,https://www.mobile01.com/topicdetail.php?f=738&t=6968679,
狂暴200W輸出！紫米20號行動電源 (QB826) 開箱&簡測分享,https://www.mobile01.com/topicdetail.php?f=738&t=6365896,65W 100W主要是給筆電用的 || 設定15V，10A輸出，充電瓶後救車，這一點好強好實用!!!
【開箱測試】ONPRO MB-MF10PD 10000MAH快充行動電源,https://www.mobile01.com/topicdetail.php?f=738&t=6962722,
【開箱測試】LAPO WT-06C 二合一充電器行動電源 對比idmix ch10,https://www.mobile01.com/topicdetail.php?f=738&t=6959446,
【開箱測試】GIGASTONE 10000mah PB7113 20W快充行動電源 平價好選擇,https://www.mobile01.com/topicdetail.php?f=738&t=6958301,
【拆解測試】SAMSUNG ITFIT 自帶線掛繩式行動電源10000mAh,https://www.mobile01.com/topicdetail.php?f=738&t=6942491,自帶線做成掛繩形式我想只是一種收納方式而不是要拿來掛著或是吊東西畢竟有些行動電源為了追求最小體積是沒有預留線槽的 || 請問你是什麼手機呢，我是s22插自帶的線也會有閃電符號出現喔 || Xz3 s24ultra 用自帶藍色那條都無法顯示閃電符號。手邊剛好有兩台不同顏色同樣款式的行動電源，用兩台自帶藍色的線 都沒顯示閃電符。
【開箱測試】IDMIX CH10 Chill豆腐 三合一行動電源,https://www.mobile01.com/topicdetail.php?f=738&t=6903245,可以，測試輕薄文書比電是可以充的但真的慢 || 水喔，感謝提供資訊 || 耐不耐刮我覺得其次白色是真的超級不耐髒
【測試】iWalk小魷魚10000s快充行動電源,https://www.mobile01.com/topicdetail.php?f=738&t=6955434,
【開箱測試】infoThink PD910智慧型快充行動電源 寶雅限定款,https://www.mobile01.com/topicdetail.php?f=738&t=6938614,
行動電源突然不能使用,https://www.mobile01.com/topicdetail.php?f=738&t=3822860,懷孕了，裡面用的是電池包，不要再用下去了...(用柱狀電芯的，18650或是21700的會比較耐用，但體積會偏大，偏厚)
【開箱測試】POLYWELL直插式隨身行動電源 可換接頭的行動電源,https://www.mobile01.com/topicdetail.php?f=738&t=6948963,
一手掌握的多功能行動電源,https://www.mobile01.com/topicdetail.php?f=738&t=6936372,
請教行動電源帶去紐西蘭需要變壓器嗎？,https://www.mobile01.com/topicdetail.php?f=738&t=6939905,"好的，謝謝！ || 了解，謝謝！ || 好的，感謝告知 || 謝謝您的回答~ || errrr ...dc,ac... || 了解所以其實手機也是同理嗎？雖然手機規格都會寫說110-240v但其實要看的還是充電頭？謝謝您 || 感謝您 || 好的，謝謝您 || 感謝告知~"
【開箱】一手掌控3合一行動電源IDMIX MR CHARGER CH10 Chill 豆腐,https://www.mobile01.com/topicdetail.php?f=738&t=6939396,
請問無線行動電源的比較，請問可以比較推,https://www.mobile01.com/topicdetail.php?f=738&t=6938885,謝謝
行動電源推薦,https://www.mobile01.com/topicdetail.php?f=738&t=6871397,"可是有幾台容量比其他的還大,不知道是須標還是真的 || 我也是常跟朋友說買錯比買貴更貴這句話唉! || 任何產品都會有良率問題，所以請買台灣公司貨，這樣保固內出問題才有機會送回台灣小米處理。"
21700電芯行動電源的選擇,https://www.mobile01.com/topicdetail.php?f=738&t=6804115,"是啊，這顆竟然沒人拆，反而用鋰聚合物的P20000QCD有人拆解 || 是5 || 不能邊充邊放跟電源IC與電芯品質都有關係,倒是P10000QCD的USB-C只有18W,對蘋果與三星手機來說就不合用了~ || Adata早幾年沒快充協議時的產品，有標榜旁路充電（直通充電）的功能，反而現在的產品沒有這種功能了 || 不可能，現在封裝都是用超音波密封外殼的，拆開就壞了"
(開箱)POLYBATT磁吸 Magsafe 三用快充行動電源，輕薄短小好攜帶，手機的最佳能量助手,https://www.mobile01.com/topicdetail.php?f=738&t=6929623,
行動電源推薦,https://www.mobile01.com/topicdetail.php?f=738&t=6871397,"可是有幾台容量比其他的還大,不知道是須標還是真的 || 我也是常跟朋友說買錯比買貴更貴這句話唉! || 任何產品都會有良率問題，所以請買台灣公司貨，這樣保固內出問題才有機會送回台灣小米處理。"
